Modelo,MAE,RMSE,R²
Random Forest (ajustado),14.982345781196067,19.25855947886998,-0.4411220903405513
