Fold,R²,R² medio,Desvío estándar
1,0.6490623564787354,0.6649630056048557,0.019753598227030718
2,0.701012125823858,0.6649630056048557,0.019753598227030718
3,0.669926618297245,0.6649630056048557,0.019753598227030718
4,0.6469890454588962,0.6649630056048557,0.019753598227030718
5,0.6578248819655439,0.6649630056048557,0.019753598227030718
