Modelo,MAE,RMSE,R²
Random Forest,1.4443513529289125,3.3619305291435286,0.9361348238209697
Gradient Boosting,2.3963327614089187,4.177292777730621,0.9014000998993797
Linear Regression,5.190452811115196,6.981638194527838,0.7245762910178462
